Scientific Name|Common Name|# of States 2005|States 2005|# of States 2015|States 2015|Taxonomic Group
Myotis lucifugus|little brown bat|12|Alabama,Alaska,California,Connecticut,Indiana,Kansas,Mississippi,Nevada,Ohio,Rhode Island,Vermont,Wyoming|37|Alabama,Alaska,Arkansas,Colorado,Connecticut,Delaware,District of Columbia,Georgia,Idaho,Indiana,Iowa,Kansas,Maine,Maryland,Massachusetts,Michigan,Minnesota,Mississippi,Nebraska,Nevada,New Hampshire,New Jersey,New York,North Carolina,North Dakota,Ohio,Pennsylvania,Rhode Island,South Carolina,Tennessee,Texas,Utah,Vermont,Virginia,West Virginia,Wisconsin,Wyoming|Mammals
Myotis septentrionalis|northern myotis|21|Alabama,Connecticut,Delaware,Indiana,Iowa,Louisiana,Michigan,Minnesota,Mississippi,Montana,Nebraska,New Hampshire,North Carolina,Ohio,Oklahoma,Pennsylvania,Rhode Island,South Dakota,Vermont,Wisconsin,Wyoming|36|Alabama,Arkansas,Connecticut,Delaware,District of Columbia,Georgia,Illinois,Indiana,Iowa,Kansas,Louisiana,Maine,Maryland,Massachusetts,Michigan,Minnesota,Mississippi,Missouri,Nebraska,New Hampshire,New Jersey,New York,North Carolina,North Dakota,Ohio,Oklahoma,Pennsylvania,Rhode Island,South Carolina,South Dakota,Tennessee,Vermont,Virginia,West Virginia,Wisconsin,Wyoming|Mammals
Perimyotis subflavus|Eastern pipistrelle|10|Connecticut,Florida,Indiana,Michigan,Minnesota,Nebraska,New Hampshire,Ohio,Rhode Island,Vermont|30|Alabama,Connecticut,Delaware,District of Columbia,Florida,Georgia,Indiana,Iowa,Louisiana,Maine,Maryland,Massachusetts,Michigan,Minnesota,Nebraska,New Hampshire,New Jersey,New York,North Carolina,Ohio,Oklahoma,Pennsylvania,Rhode Island,South Carolina,Tennessee,Texas,Vermont,Virginia,West Virginia,Wisconsin|Mammals
Lasionycteris noctivagans|silver-haired bat|23|Alaska,California,Connecticut,Delaware,Indiana,Louisiana,Maryland,Massachusetts,Michigan,Mississippi,Missouri,New Hampshire,New Jersey,New York,North Carolina,Ohio,Oregon,Pennsylvania,Rhode Island,Vermont,West Virginia,Wisconsin,Wyoming|29|Alaska,Connecticut,Delaware,District of Columbia,Idaho,Indiana,Iowa,Louisiana,Maine,Maryland,Massachusetts,Minnesota,Mississippi,Missouri,Nevada,New Hampshire,New Jersey,New York,Ohio,Oregon,Pennsylvania,Rhode Island,South Carolina,South Dakota,Vermont,Virginia,Washington,West Virginia,Wisconsin|Mammals
Myotis leibii|small-footed myotis|22|Arkansas,Connecticut,Delaware,District of Columbia,Georgia,Kentucky,Maine,Maryland,Massachusetts,Missouri,New Hampshire,New Jersey,New York,North Carolina,Oklahoma,Pennsylvania,Rhode Island,South Carolina,Tennessee,Vermont,Virginia,West Virginia|25|Alabama,Arkansas,Connecticut,Delaware,District of Columbia,Georgia,Illinois,Indiana,Kentucky,Maine,Maryland,Massachusetts,Missouri,New Hampshire,New Jersey,New York,North Carolina,Oklahoma,Pennsylvania,Rhode Island,South Carolina,Tennessee,Vermont,Virginia,West Virginia|Mammals
Lasiurus cinereus|hoary bat|22|California,Connecticut,Delaware,Florida,Indiana,Maryland,Massachusetts,Michigan,Mississippi,Montana,Nevada,New Hampshire,New Jersey,New York,North Carolina,Ohio,Oregon,Rhode Island,Vermont,West Virginia,Wisconsin,Wyoming|23|Colorado,Connecticut,Delaware,District of Columbia,Idaho,Indiana,Maine,Maryland,Massachusetts,Minnesota,Mississippi,Nevada,New Hampshire,New Jersey,New York,Ohio,Oregon,Rhode Island,South Carolina,Vermont,Virginia,Washington,West Virginia|Mammals
Myotis sodalis|Indiana Myotis|25|Alabama,Arkansas,Connecticut,Georgia,Illinois,Indiana,Iowa,Kentucky,Maryland,Massachusetts,Michigan,Mississippi,Missouri,New Hampshire,New Jersey,New York,North Carolina,Ohio,Oklahoma,Pennsylvania,Rhode Island,Tennessee,Vermont,Virginia,West Virginia|23|Alabama,Arkansas,Connecticut,Georgia,Illinois,Indiana,Iowa,Kentucky,Maryland,Massachusetts,Michigan,Mississippi,Missouri,New Jersey,New York,North Carolina,Ohio,Oklahoma,Pennsylvania,Tennessee,Vermont,Virginia,West Virginia|Mammals
Eptesicus fuscus|big brown bat|7|Alaska,Florida,Louisiana,Ohio,Puerto Rico,Vermont,Wyoming|21|Connecticut,Delaware,District of Columbia,Florida,Louisiana,Maine,Maryland,Massachusetts,Minnesota,New Hampshire,New Jersey,North Dakota,Ohio,Pennsylvania,Puerto Rico,Rhode Island,South Carolina,Texas,Vermont,Wisconsin,Wyoming|Mammals
Megaptera novaeangliae|Humpback Whale|13|Alaska,American Samoa,Delaware,Guam,Hawaii,Maine,Maryland,Massachusetts,New Jersey,New York,Puerto Rico,Rhode Island,South Carolina|20|Alaska,American Samoa,California,Delaware,Georgia,Guam,Hawaii,Maine,Maryland,Massachusetts,New Hampshire,New Jersey,New York,North Carolina,Puerto Rico,Rhode Island,South Carolina,Texas,Virginia,Washington|Mammals
Spilogale putorius|Eastern Spotted Skunk|20|Alabama,Arkansas,Florida,Iowa,Kansas,Kentucky,Louisiana,Maryland,Minnesota,Mississippi,Nebraska,North Carolina,North Dakota,Oklahoma,Pennsylvania,South Carolina,Tennessee,Texas,Virginia,West Virginia|19|Alabama,Arkansas,Florida,Georgia,Iowa,Kansas,Kentucky,Louisiana,Maryland,Minnesota,Mississippi,Nebraska,North Dakota,Oklahoma,Pennsylvania,South Carolina,Tennessee,Texas,West Virginia|Mammals
Lasiurus borealis|red bat|18|Connecticut,Delaware,District of Columbia,Florida,Indiana,Maryland,Massachusetts,Michigan,Montana,New Hampshire,New Jersey,New York,Ohio,Puerto Rico,Rhode Island,Vermont,West Virginia,Wisconsin|18|Connecticut,Delaware,District of Columbia,Indiana,Maine,Maryland,Massachusetts,Minnesota,New Hampshire,New Jersey,New York,Ohio,Rhode Island,South Carolina,Vermont,Virginia,West Virginia,Wyoming|Mammals
Corynorhinus rafinesquii|eastern big-eared bat|17|Alabama,Arkansas,Florida,Georgia,Illinois,Indiana,Kentucky,Maryland,Mississippi,Missouri,North Carolina,Ohio,Oklahoma,South Carolina,Tennessee,Texas,West Virginia|17|Alabama,Arkansas,Florida,Georgia,Illinois,Indiana,Kentucky,Louisiana,Mississippi,Missouri,North Carolina,Ohio,Oklahoma,South Carolina,Tennessee,Texas,West Virginia|Mammals
Myotis austroriparius|southeastern myotis|17|Alabama,Arkansas,Florida,Georgia,Illinois,Indiana,Kentucky,Louisiana,Maryland,Mississippi,Missouri,North Carolina,Oklahoma,South Carolina,Tennessee,Texas,Virginia|17|Alabama,Arkansas,Florida,Georgia,Illinois,Indiana,Kentucky,Louisiana,Maryland,Mississippi,Missouri,North Carolina,Oklahoma,South Carolina,Tennessee,Texas,Virginia|Mammals
Balaenoptera physalus|Fin Whale|12|Alaska,Delaware,Hawaii,Louisiana,Maine,Maryland,Massachusetts,New Jersey,New York,Puerto Rico,Rhode Island,Texas|16|Alaska,California,Delaware,Hawaii,Maine,Maryland,Massachusetts,New Hampshire,New Jersey,New York,North Carolina,Rhode Island,Texas,Virgin Islands,Virginia,Washington|Mammals
Physeter macrocephalus|Sperm Whale|14|Alaska,American Samoa,Delaware,Guam,Hawaii,Louisiana,Maine,Maryland,Massachusetts,New Jersey,New York,Puerto Rico,Rhode Island,Texas|15|Alaska,American Samoa,California,Delaware,Guam,Hawaii,Louisiana,Maine,Maryland,Massachusetts,New York,North Carolina,Texas,Virgin Islands,Washington|Mammals
Eubalaena glacialis|North Atlantic Right Whale|12|Alaska,Delaware,Florida,Georgia,Maine,Maryland,Massachusetts,New Jersey,New York,Rhode Island,South Carolina,Texas|14|Delaware,Florida,Georgia,Maine,Maryland,Massachusetts,New Hampshire,New Jersey,New York,North Carolina,Rhode Island,South Carolina,Texas,Virginia|Mammals
Myotis grisescens|gray myotis|14|Alabama,Arkansas,Florida,Georgia,Illinois,Indiana,Kansas,Kentucky,Mississippi,Missouri,North Carolina,Oklahoma,Tennessee,Virginia|14|Alabama,Arkansas,Florida,Georgia,Illinois,Indiana,Kansas,Kentucky,Mississippi,Missouri,North Carolina,Oklahoma,Tennessee,Virginia|Mammals
Corynorhinus townsendii|mule-eared bat|11|California,Idaho,Kansas,Montana,Nebraska,Nevada,Oregon,South Dakota,Texas,Utah,Wyoming|13|California,Idaho,Kansas,Nebraska,Nevada,New Mexico,North Carolina,North Dakota,Oregon,South Dakota,Utah,Washington,Wyoming|Mammals
Mustela frenata|Long-tailed Weasel|12|Alabama,Arkansas,Connecticut,Louisiana,Mississippi,Missouri,Nebraska,North Carolina,Ohio,Oklahoma,Texas,Vermont|13|Alabama,Arizona,Arkansas,Connecticut,Delaware,Iowa,Louisiana,Mississippi,Missouri,Nebraska,Oklahoma,Texas,Vermont|Mammals
Synaptomys cooperi|Southern Bog Lemming|17|Arkansas,Connecticut,District of Columbia,Georgia,Iowa,Kansas,Maryland,Massachusetts,Michigan,New Jersey,North Carolina,Ohio,Rhode Island,Tennessee,Vermont,Virginia,West Virginia|13|Arkansas,Connecticut,Georgia,Iowa,Kansas,Maryland,Massachusetts,New Hampshire,New Jersey,Rhode Island,Tennessee,Vermont,West Virginia|Mammals
Zapus hudsonius|Meadow Jumping Mouse|15|Alabama,Alaska,Arizona,Colorado,Connecticut,Mississippi,Montana,New Mexico,North Carolina,Ohio,Oklahoma,South Dakota,Tennessee,West Virginia,Wyoming|13|Alabama,Alaska,Arizona,Colorado,Connecticut,Mississippi,New Jersey,New Mexico,Ohio,Oklahoma,Tennessee,West Virginia,Wyoming|Mammals
Neotoma magister|Appalachian Woodrat|12|Alabama,District of Columbia,Indiana,Kentucky,Maryland,New York,North Carolina,Ohio,Pennsylvania,Tennessee,Virginia,West Virginia|12|Alabama,Indiana,Kentucky,Maryland,New Jersey,New York,North Carolina,Ohio,Pennsylvania,Tennessee,Virginia,West Virginia|Mammals
Sorex palustris|northern water shrew|14|Alaska,Arizona,Connecticut,Georgia,Massachusetts,Michigan,Nevada,North Carolina,Rhode Island,Tennessee,Vermont,Virginia,Wisconsin,Wyoming|12|Alaska,Arizona,Connecticut,Georgia,Massachusetts,Nevada,New Jersey,Rhode Island,Tennessee,Vermont,Virginia,Wisconsin|Mammals
Balaenoptera borealis|Sei Whale|12|Alaska,Delaware,Guam,Hawaii,Louisiana,Maine,Maryland,Massachusetts,New Jersey,New York,Puerto Rico,Rhode Island|11|Alaska,California,Delaware,Guam,Hawaii,Maine,Maryland,Massachusetts,New York,Virgin Islands,Washington|Mammals
Cryptotis parva|bee shrew|12|Connecticut,Delaware,Iowa,Maryland,Michigan,Minnesota,New Mexico,New York,North Carolina,Ohio,Pennsylvania,West Virginia|11|Connecticut,Delaware,Iowa,Maryland,Michigan,Minnesota,New Jersey,New Mexico,Ohio,Pennsylvania,West Virginia|Mammals
Glaucomys sabrinus|Northern Flying Squirrel|10|Connecticut,Maryland,Michigan,Nevada,Pennsylvania,South Dakota,Utah,Vermont,Wisconsin,Wyoming|11|Alaska,Connecticut,Massachusetts,Michigan,Nevada,New Jersey,Pennsylvania,South Dakota,Vermont,Wisconsin,Wyoming|Mammals
Tursiops truncatus|Bottlenose Dolphin|7|American Samoa,Florida,Georgia,Hawaii,Puerto Rico,South Carolina,Texas|11|American Samoa,Georgia,Hawaii,Louisiana,Maryland,New Jersey,Puerto Rico,South Carolina,Texas,Virgin Islands,Virginia|Mammals
Lontra canadensis|North American River Otter|17|Colorado,District of Columbia,Illinois,Indiana,Nebraska,Nevada,New Jersey,New Mexico,New York,North Dakota,Ohio,Oklahoma,South Dakota,Texas,Utah,Vermont,Wyoming|10|Colorado,District of Columbia,Nebraska,Nevada,New Mexico,North Dakota,South Dakota,Texas,Vermont,Wyoming|Mammals
Mustela nigripes|Black-footed Ferret|9|Arizona,Colorado,Kansas,Montana,North Dakota,South Dakota,Texas,Utah,Wyoming|10|Arizona,Colorado,Kansas,Montana,New Mexico,North Dakota,South Dakota,Texas,Utah,Wyoming|Mammals
Nycticeius humeralis|evening bat|8|Delaware,Indiana,Iowa,Kentucky,Michigan,Nebraska,Ohio,West Virginia|10|Delaware,District of Columbia,Indiana,Iowa,Kentucky,Maryland,Michigan,Nebraska,Ohio,West Virginia|Mammals
Sorex dispar|rock shrew|9|Georgia,Maryland,Massachusetts,New Jersey,North Carolina,Tennessee,Vermont,Virginia,West Virginia|10|Georgia,Maine,Maryland,Massachusetts,New Hampshire,New Jersey,Pennsylvania,Tennessee,Vermont,West Virginia|Mammals
Sorex fumeus|smokey shrew|9|Indiana,Maryland,Michigan,Minnesota,North Carolina,Ohio,Rhode Island,Tennessee,Vermont|10|Alabama,Indiana,Maryland,Michigan,Minnesota,New Jersey,Ohio,Rhode Island,Tennessee,Vermont|Mammals
Ursus americanus|American Black Bear|12|Alabama,Connecticut,Kansas,Kentucky,Massachusetts,Mississippi,Missouri,Ohio,Rhode Island,South Carolina,Texas,Vermont|10|Alabama,Indiana,Kentucky,Massachusetts,Mississippi,Missouri,Ohio,Rhode Island,South Carolina,Texas|Mammals
Balaenoptera musculus|Blue Whale|10|Alaska,Delaware,Hawaii,Louisiana,Maryland,Massachusetts,New Jersey,New York,Rhode Island,Texas|9|California,Delaware,Hawaii,Maine,Maryland,Massachusetts,New York,Texas,Washington|Mammals
Euderma maculatum|spotted bat|11|Arizona,California,Colorado,Idaho,Montana,Nevada,New Mexico,Oregon,Texas,Utah,Wyoming|9|Arizona,Colorado,Nevada,New Mexico,Oregon,Texas,Utah,Washington,Wyoming|Mammals
Martes americana|American Marten|13|California,Maryland,Michigan,Nevada,New Hampshire,New York,Ohio,Oregon,Utah,Vermont,Washington,Wisconsin,Wyoming|9|Colorado,Nevada,New Hampshire,New Mexico,North Dakota,Oregon,Vermont,Wisconsin,Wyoming|Mammals
Microtus pinetorum|Woodland Vole|9|Connecticut,Illinois,Iowa,Michigan,Minnesota,Nebraska,Ohio,Vermont,Wisconsin|9|Connecticut,Florida,Iowa,Michigan,Minnesota,Nebraska,Ohio,Vermont,Wisconsin|Mammals
Sorex hoyi|Pygmy Shrew|12|Alabama,Alaska,Idaho,Illinois,Indiana,Michigan,North Dakota,Ohio,South Carolina,Tennessee,Vermont,Wyoming|9|Alabama,Indiana,New Jersey,North Dakota,Ohio,South Carolina,Tennessee,Vermont,Wyoming|Mammals
Brachylagus idahoensis|Pygmy Rabbit|8|California,Idaho,Montana,Nevada,Oregon,Utah,Washington,Wyoming|8|California,Colorado,Idaho,Nevada,Oregon,Utah,Washington,Wyoming|Mammals
Lynx canadensis|Canadian Lynx|12|Colorado,Idaho,Maine,Michigan,Minnesota,Montana,New Hampshire,New York,Utah,Vermont,Washington,Wyoming|8|Colorado,Maine,Minnesota,New Hampshire,Utah,Vermont,Washington,Wyoming|Mammals
Microtus chrotorrhinus|Rock Vole|8|Maryland,Minnesota,North Carolina,Pennsylvania,Tennessee,Vermont,Virginia,West Virginia|8|Maryland,New Hampshire,North Carolina,Pennsylvania,Tennessee,Vermont,Virginia,West Virginia|Mammals
Mustela nivalis|Least Weasel|13|Georgia,Illinois,Indiana,Maryland,Michigan,Minnesota,Missouri,New York,North Carolina,Ohio,Tennessee,Virginia,Wyoming|8|Georgia,Indiana,Iowa,Maryland,Minnesota,Missouri,Tennessee,Wyoming|Mammals
Mustela vison|American Mink|5|Connecticut,District of Columbia,Ohio,South Carolina,Vermont|8|Connecticut,Delaware,District of Columbia,Florida,Maryland,New Mexico,South Carolina,Texas|Mammals
Ochotona princeps|pika|2|Nevada,Utah|8|California,Colorado,Nevada,New Mexico,Oregon,Utah,Washington,Wyoming|Mammals
Orcinus orca|Killer Whale|7|Alaska,American Samoa,Guam,Hawaii,Puerto Rico,Texas,Washington|8|Alaska,American Samoa,California,Guam,Hawaii,Oregon,Texas,Washington|Mammals
Phocoena phocoena|Harbor Porpoise|7|Alaska,Connecticut,Delaware,Maryland,Massachusetts,New York,Washington|8|Alaska,Delaware,Maine,New Jersey,New York,Oregon,Rhode Island,Virginia|Mammals
Poliocitellus franklinii|Franklin's Ground Squirrel|9|Illinois,Indiana,Iowa,Kansas,Minnesota,Missouri,Nebraska,South Dakota,Wisconsin|8|Illinois,Indiana,Iowa,Kansas,Minnesota,Missouri,South Dakota,Wisconsin|Mammals
Sylvilagus obscurus|Appalachian Cottontail|8|Alabama,Georgia,Kentucky,North Carolina,Pennsylvania,South Carolina,Virginia,West Virginia|8|Alabama,Georgia,Kentucky,Maryland,Pennsylvania,South Carolina,Virginia,West Virginia|Mammals
Sylvilagus transitionalis|New England Cottontail|9|Connecticut,Maine,Maryland,Massachusetts,New Hampshire,New York,Rhode Island,Tennessee,Vermont|8|Connecticut,Maine,Massachusetts,New Hampshire,New York,Rhode Island,Tennessee,Vermont|Mammals
Synaptomys borealis|Northern Bog Lemming|7|Alaska,Idaho,Maine,Minnesota,Montana,New Hampshire,Vermont|8|Alaska,Idaho,Maine,Minnesota,Montana,New Hampshire,Vermont,Washington|Mammals
Taxidea taxus|American Badger|9|Arkansas,California,Illinois,Indiana,Minnesota,Missouri,Ohio,Texas,Washington|8|Arkansas,California,Indiana,Minnesota,Missouri,Ohio,Texas,Washington|Mammals
Vulpes velox|Swift Fox|10|Colorado,Kansas,Montana,Nebraska,New Mexico,North Dakota,Oklahoma,South Dakota,Texas,Wyoming|8|Colorado,Kansas,Nebraska,North Dakota,Oklahoma,South Dakota,Texas,Wyoming|Mammals
Canis lupus|Wolf|15|Colorado,Idaho,Illinois,Maine,Michigan,Minnesota,Missouri,Montana,New York,North Carolina,North Dakota,Ohio,Utah,Washington,Wisconsin|7|California,Colorado,Illinois,New Hampshire,Oregon,Utah,Washington|Mammals
Condylura cristata|Star-nosed Mole|7|Florida,Georgia,Indiana,North Carolina,Ohio,South Carolina,Tennessee|7|Delaware,Indiana,New Jersey,Ohio,South Carolina,Tennessee,West Virginia|Mammals
Cynomys ludovicianus|Arizona black-tailed prairie dog|9|Arizona,Colorado,Kansas,Montana,New Mexico,North Dakota,Oklahoma,Texas,Wyoming|7|Arizona,Colorado,Kansas,New Mexico,North Dakota,Oklahoma,Texas|Mammals
Gulo gulo|Wolverine|7|California,Colorado,Idaho,Montana,Utah,Washington,Wyoming|7|California,Colorado,Idaho,Oregon,Utah,Washington,Wyoming|Mammals
Lynx rufus|Bobcat|11|Connecticut,Illinois,Indiana,Iowa,Maryland,Massachusetts,New Hampshire,New Jersey,Ohio,Rhode Island,Vermont|7|Delaware,Maryland,Massachusetts,New Jersey,Ohio,Rhode Island,Vermont|Mammals
Microtus pennsylvanicus|Meadow Vole|8|Alaska,Florida,Maine,North Carolina,Ohio,Rhode Island,South Carolina,Washington|7|Alaska,District of Columbia,Florida,Maine,Rhode Island,South Carolina,Washington|Mammals
Myotis thysanodes|fringed myotis|10|California,Colorado,Idaho,Montana,Nebraska,Nevada,Oregon,Texas,Utah,Wyoming|7|California,Colorado,Nevada,Oregon,Texas,Utah,Wyoming|Mammals
Myotis volans|long-legged myotis|6|Alaska,California,Nebraska,North Dakota,Oregon,Wyoming|7|Alaska,California,Nebraska,North Dakota,Oregon,Texas,Wyoming|Mammals
Parascalops breweri|Brewer's mole|7|Connecticut,Georgia,North Carolina,Ohio,South Carolina,Tennessee,Vermont|7|Connecticut,Georgia,New Jersey,Ohio,South Carolina,Tennessee,Vermont|Mammals
Sylvilagus aquaticus|Swamp Rabbit|8|Illinois,Indiana,Kansas,Kentucky,Missouri,Oklahoma,South Carolina,Texas|7|Indiana,Kansas,Kentucky,Missouri,Oklahoma,South Carolina,Texas|Mammals
Trichechus manatus|West Indian Manatee|8|Alabama,Georgia,Louisiana,Mississippi,North Carolina,Puerto Rico,South Carolina,Texas|7|Alabama,Georgia,Louisiana,Mississippi,North Carolina,Puerto Rico,Texas|Mammals
Glaucomys volans|Southern Flying Squirrel|6|District of Columbia,Iowa,Kansas,Nebraska,Ohio,Vermont|6|District of Columbia,Iowa,Kansas,Nebraska,Ohio,Vermont|Mammals
Lepus townsendii|white-tailed jack rabbit|9|California,Colorado,Iowa,Kansas,Missouri,Nebraska,Oregon,Washington,Wisconsin|6|Colorado,Iowa,Minnesota,Nebraska,Oregon,Washington|Mammals
Microtus ochrogaster|Prairie Vole|8|Iowa,Michigan,Minnesota,Ohio,Texas,West Virginia,Wisconsin,Wyoming|6|Louisiana,Michigan,Minnesota,Texas,West Virginia,Wisconsin|Mammals
Myotis ciliolabrum|western small-footed bat|5|California,Kansas,Nevada,North Dakota,Wyoming|6|Idaho,Kansas,Nevada,North Dakota,Texas,Wyoming|Mammals
Napaeozapus insignis|Woodland Jumping Mouse|7|Connecticut,Michigan,North Carolina,Ohio,South Carolina,Tennessee,Wisconsin|6|Connecticut,New Jersey,Ohio,South Carolina,Tennessee,Wisconsin|Mammals
Neotoma floridana|Eastern Woodrat|6|Florida,Illinois,Nebraska,North Carolina,South Carolina,Tennessee|6|Florida,Illinois,Nebraska,North Carolina,South Carolina,Tennessee|Mammals
Ochrotomys nuttalli|Golden Mouse|6|Illinois,Missouri,Ohio,Oklahoma,Tennessee,West Virginia|6|Illinois,Louisiana,Missouri,Oklahoma,Tennessee,West Virginia|Mammals
Ovis canadensis|bighorn sheep|4|Colorado,Idaho,Utah,Wyoming|6|Colorado,Idaho,Nevada,Utah,Washington,Wyoming|Mammals
Puma concolor|Cougar|9|Alabama,Kansas,Michigan,Minnesota,Missouri,Nebraska,Oklahoma,Texas,Vermont|6|Alabama,Kansas,Minnesota,Nebraska,Oklahoma,Texas|Mammals
Reithrodontomys humulis|Eastern Harvest Mouse|6|Arkansas,Louisiana,Maryland,Ohio,Oklahoma,West Virginia|6|Arkansas,Louisiana,Maryland,Ohio,Oklahoma,West Virginia|Mammals
Sorex nanus|Rocky Mountain dwarf shrew|7|Arizona,Colorado,Idaho,Montana,Nebraska,Utah,Wyoming|6|Arizona,Colorado,Montana,Nebraska,Utah,Wyoming|Mammals
Tadarida brasiliensis|Brazilian free-tailed bat|7|Alabama,Arizona,Missouri,Oklahoma,Puerto Rico,Texas,Virgin Islands|6|Alabama,Arizona,Nevada,Oklahoma,Puerto Rico,Texas|Mammals
Alces americanus|Moose|0||5|Massachusetts,Michigan,Minnesota,New Hampshire,New York|Mammals
Antrozous pallidus|pallid bat|6|California,Kansas,Montana,Oregon,Texas,Wyoming|5|California,Kansas,Oregon,Texas,Wyoming|Mammals
Bison bison|American bison|7|Alabama,Alaska,Colorado,Missouri,Montana,North Carolina,Ohio|5|Alabama,Colorado,Montana,Texas,Utah|Mammals
Corynorhinus townsendii virginianus|Virginia big-eared bat|5|Kentucky,North Carolina,Tennessee,Virginia,West Virginia|5|Kentucky,North Carolina,Tennessee,Virginia,West Virginia|Mammals
Globicephala macrorhynchus|Short-finned Pilot Whale|5|American Samoa,Guam,Hawaii,Puerto Rico,Texas|5|American Samoa,Guam,Hawaii,New Jersey,Texas|Mammals
Kogia sima|Dwarf Sperm Whale|5|Florida,Guam,Hawaii,South Carolina,Texas|5|American Samoa,Guam,Hawaii,South Carolina,Texas|Mammals
Lasiurus intermedius|northern yellow bat|6|Alabama,Florida,Georgia,Mississippi,North Carolina,South Carolina|5|Alabama,Georgia,Mississippi,North Carolina,South Carolina|Mammals
Lasiurus seminolus|Seminole bat|5|Arkansas,Florida,Missouri,North Carolina,Oklahoma|5|Florida,Maryland,Oklahoma,South Carolina,West Virginia|Mammals
Lepus americanus|Snowshoe Hare|6|Maryland,Michigan,North Carolina,Ohio,Tennessee,Virginia|5|Alaska,Colorado,Ohio,Vermont,West Virginia|Mammals
Myodes gapperi|Southern Red-backed Vole|7|Alaska,Connecticut,Iowa,Kentucky,Michigan,Ohio,South Carolina|5|Arizona,Colorado,Connecticut,Kentucky,Ohio|Mammals
Myotis evotis|long-eared myotis|4|California,Nevada,North Dakota,Wyoming|5|Arizona,California,Nevada,North Dakota,Wyoming|Mammals
Perognathus flavescens|Plains Pocket Mouse|5|Iowa,Minnesota,Missouri,North Dakota,Wyoming|5|Iowa,Minnesota,Missouri,North Dakota,Wyoming|Mammals
Sorex cinereus|common shrew|7|Georgia,Kentucky,North Carolina,Ohio,South Carolina,Tennessee,Vermont|5|Kentucky,New Jersey,South Carolina,Tennessee,Vermont|Mammals
Sorex merriami|Merriam's Shrew|7|Arizona,Idaho,Montana,Nebraska,Nevada,Utah,Washington|5|Arizona,Nebraska,Nevada,North Dakota,Washington|Mammals
Sorex preblei|malheur shrew|7|Colorado,Montana,Nevada,New Mexico,Utah,Washington,Wyoming|5|Colorado,Nevada,Utah,Washington,Wyoming|Mammals
Tamias striatus|Eastern Chipmunk|4|District of Columbia,Florida,Nebraska,Ohio|5|District of Columbia,Florida,Louisiana,Nebraska,Ohio|Mammals
Urocyon cinereoargenteus|Gray Fox|6|District of Columbia,Illinois,Iowa,Kansas,Ohio,Vermont|5|District of Columbia,Iowa,Kansas,North Dakota,Vermont|Mammals
Ursus arctos|Brown Bear|6|Colorado,Idaho,Montana,Utah,Washington,Wyoming|5|California,Colorado,Idaho,Montana,Washington|Mammals
Vulpes macrotis|Kit Fox|6|California,Colorado,Idaho,Nevada,Oregon,Utah|5|Arizona,California,Colorado,Oregon,Utah|Mammals
Ziphius cavirostris|goose-beaked whale|6|Alaska,American Samoa,Guam,Hawaii,Puerto Rico,Texas|5|American Samoa,Guam,Hawaii,Maryland,Texas|Mammals
Cynomys gunnisoni|Gunnison's Prairie Dog|4|Arizona,Colorado,New Mexico,Utah|4|Arizona,Colorado,New Mexico,Utah|Mammals
Eubalaena japonica|North Pacific Right Whale|1|Hawaii|4|Alaska,California,Hawaii,Washington|Mammals
Idionycteris phyllotis|Allen's big-eared bat|5|California,Colorado,Nevada,New Mexico,Utah|4|Arizona,Colorado,Nevada,Utah|Mammals
Kogia breviceps|Pygmy Sperm Whale|6|Florida,Guam,Hawaii,Puerto Rico,South Carolina,Texas|4|Guam,Hawaii,South Carolina,Texas|Mammals
Lepus californicus|black-tailed jack rabbit|5|Arkansas,Missouri,Montana,Nebraska,Washington|4|Arkansas,Missouri,Nebraska,Washington|Mammals
Microtus montanus|Montane Vole|3|Arizona,Nevada,New Mexico|4|Arizona,Nevada,New Mexico,Utah|Mammals
Myotis velifer|cave myotis|3|California,Nevada,Texas|4|Arizona,California,Nevada,Texas|Mammals
Nyctinomops macrotis|big free-tailed bat|5|Arizona,California,Nevada,Texas,Utah|4|California,Colorado,Texas,Utah|Mammals
Ondatra zibethicus|Muskbeaver|5|Arizona,Connecticut,Illinois,Ohio,Vermont|4|Connecticut,District of Columbia,Maine,Vermont|Mammals
Oryzomys palustris|Marsh Rice Rat|5|Florida,Illinois,Missouri,New Jersey,Oklahoma|4|Florida,Illinois,Missouri,New Jersey|Mammals
Panthera onca|Jaguar|1|Arizona|4|Arizona,California,New Mexico,Texas|Mammals
Pekania pennanti pennanti|Fisher|8|Idaho,Montana,North Carolina,Ohio,Oregon,Tennessee,Virginia,Wyoming|4|New Jersey,Tennessee,Virginia,Wyoming|Mammals
Peromyscus gossypinus|Cotton Mouse|6|Florida,Illinois,Kentucky,Missouri,North Carolina,Virginia|4|Florida,Kentucky,Missouri,Virginia|Mammals
Puma concolor couguar|eastern cougar|7|California,Florida,Louisiana,Mississippi,New York,North Carolina,Ohio|4|Florida,Georgia,Mississippi,Vermont|Mammals
Sorex longirostris|Southeastern Shrew|5|Arkansas,Florida,Louisiana,Maryland,Tennessee|4|Arkansas,Louisiana,Maryland,Tennessee|Mammals
Stenella coeruleoalba|Striped Dolphin|3|Guam,Hawaii,Puerto Rico|4|American Samoa,Guam,Hawaii,New Jersey|Mammals
Tamiasciurus hudsonicus|Red Squirrel|5|Georgia,Illinois,Iowa,Ohio,Tennessee|4|Alaska,Georgia,Illinois,Tennessee|Mammals
Bassariscus astutus|Ringtail|4|Louisiana,Nevada,Oklahoma,Oregon|3|Louisiana,Oklahoma,Oregon|Mammals
Castor canadensis|American Beaver|4|Alaska,Arizona,New Mexico,Ohio|3|Arizona,California,District of Columbia|Mammals
Chaetodipus hispidus|Hispid Pocket Mouse|5|Arizona,Louisiana,Montana,North Dakota,Wyoming|3|Louisiana,North Dakota,Wyoming|Mammals
Choeronycteris mexicana|Mexican long-tongued bat|3|Arizona,California,New Mexico|3|Arizona,California,New Mexico|Mammals
Corynorhinus townsendii pallescens|pale Townsend's big-eared bat|3|Colorado,Oklahoma,Washington|3|Arizona,Colorado,Oklahoma|Mammals
Cratogeomys castanops|Yellow-faced Pocket Gopher|2|Kansas,Texas|3|Kansas,Oklahoma,Texas|Mammals
Cynomys leucurus|White-tailed Prairie Dog|4|Colorado,Montana,Utah,Wyoming|3|Colorado,Montana,Utah|Mammals
Erethizon dorsatus|North American Porcupine|5|Maryland,North Carolina,Ohio,Rhode Island,Texas|3|California,Maryland,West Virginia|Mammals
Eschrichtius robustus|Gray Whale|1|Alaska|3|Alaska,Oregon,Washington|Mammals
Eumetopias jubatus|Steller Sea Lion|3|Alaska,California,Washington|3|Alaska,California,Oregon|Mammals
Geomys bursarius|Plains Pocket Gopher|3|Indiana,Iowa,Wyoming|3|Indiana,Iowa,Wyoming|Mammals
Glaucomys sabrinus coloratus|Carolina northern flying squirrel|3|North Carolina,Tennessee,Virginia|3|North Carolina,Tennessee,Virginia|Mammals
Glaucomys sabrinus fuscus|Virginia flying squirrel|2|Virginia,West Virginia|3|Maryland,Virginia,West Virginia|Mammals
Ictidomys tridecemlineatus|Thirteen-lined Ground Squirrel|4|Arizona,Missouri,Ohio,Utah|3|Arizona,Missouri,Ohio|Mammals
Lasiurus blossevillii|western red bat|5|Arizona,California,Nevada,New Mexico,Utah|3|Arizona,Nevada,Utah|Mammals
Lasiurus xanthinus|western yellow bat|5|Arizona,California,Nevada,New Mexico,Texas|3|Arizona,New Mexico,Texas|Mammals
Lemmiscus curtatus|Sagebrush Vole|3|Nevada,North Dakota,Wyoming|3|Colorado,Nevada,North Dakota|Mammals
Leptonycteris yerbabuenae|lesser long-nosed bat|2|Arizona,New Mexico|3|Arizona,California,New Mexico|Mammals
Macrotus californicus|California leaf-nosed bat|3|Arizona,California,Nevada|3|Arizona,California,Nevada|Mammals
Microdipodops megacephalus|Dark Kangaroo Mouse|2|Idaho,Utah|3|Idaho,Nevada,Utah|Mammals
Mustela erminea|Ermine|2|Connecticut,Ohio|3|Connecticut,Iowa,Ohio|Mammals
Myotis californicus|California myotis|4|Alaska,Arizona,Idaho,Oregon|3|Alaska,Oregon,Texas|Mammals
Notiosorex crawfordi|gray shrew|4|Arkansas,Oklahoma,Texas,Utah|3|Arkansas,Oklahoma,Texas|Mammals
Ovis canadensis canadensis|Rocky Mountain bighorn sheep|4|Arizona,Nebraska,Nevada,New Mexico|3|Arizona,Nebraska,Oregon|Mammals
Pekania pennanti|Fisher|0||3|California,Idaho,Oregon|Mammals
Perognathus fasciatus|Olive-backed Pocket Mouse|4|Colorado,Nebraska,Utah,Wyoming|3|Colorado,Nebraska,Wyoming|Mammals
Peromyscus nasutus|Northern Rock Mouse|2|Texas,Utah|3|Arizona,Oklahoma,Texas|Mammals
Peromyscus polionotus|Oldfield Mouse|4|Alabama,Florida,Mississippi,North Carolina|3|Florida,Mississippi,North Carolina|Mammals
Phoca vitulina|Harbor Seal|1|Connecticut|3|Connecticut,Oregon,Rhode Island|Mammals
Pseudorca crassidens|False Killer Whale|4|American Samoa,Hawaii,Puerto Rico,Texas|3|American Samoa,Hawaii,Texas|Mammals
Reithrodontomys megalotis|Western Harvest Mouse|3|Arkansas,California,Minnesota|3|Arkansas,California,Minnesota|Mammals
Reithrodontomys montanus|Plains Harvest Mouse|3|Arkansas,Missouri,Wyoming|3|Arizona,Arkansas,Wyoming|Mammals
Sciurus niger cinereus|Delmarva Peninsula fox squirrel|4|Delaware,Maryland,Pennsylvania,Virginia|3|Delaware,Maryland,Virginia|Mammals
Sciurus niger niger|fox squirrel|2|Florida,Virginia|3|Florida,South Carolina,Virginia|Mammals
Sigmodon hispidus|Hispid Cotton Rat|4|Arizona,California,Florida,Nebraska|3|Arizona,Florida,Nebraska|Mammals
Sorex palustris punctulatus|southern water shrew|3|Maryland,Pennsylvania,West Virginia|3|Maryland,Pennsylvania,West Virginia|Mammals
Spilogale gracilis|Western Spotted Skunk|2|Montana,Texas|3|Arizona,Texas,Washington|Mammals
Stenella frontalis|Atlantic Spotted Dolphin|2|Puerto Rico,Texas|3|Puerto Rico,Texas,Virgin Islands|Mammals
Steno bredanensis|Rough-toothed Dolphin|4|American Samoa,Hawaii,Puerto Rico,Texas|3|American Samoa,Hawaii,Texas|Mammals
Trichechus manatus latirostris|Florida manatee|1|Florida|3|Florida,South Carolina,Virginia|Mammals
Urocitellus richardsonii|Richardson's Ground Squirrel|3|Minnesota,North Dakota,South Dakota|3|Minnesota,North Dakota,South Dakota|Mammals
Ursus americanus luteolus|Louisiana black bear|3|Louisiana,Mississippi,Texas|3|Louisiana,Mississippi,Texas|Mammals
Xerospermophilus spilosoma|Spotted Ground Squirrel|4|Arizona,Kansas,Utah,Wyoming|3|Arizona,Kansas,Wyoming|Mammals
Alces alces|moose|4|Massachusetts,Michigan,Wisconsin,Wyoming|2|Vermont,Wyoming|Mammals
Antilocapra americana|pronghorn|2|Texas,Washington|2|California,Texas|Mammals
Antilocapra americana sonoriensis|Sonoran Pronghorn|1|Arizona|2|Arizona,California|Mammals
Aplodontia rufa californica|Sierra Nevada mountain beaver|2|California,Nevada|2|California,Nevada|Mammals
Artibeus jamaicensis|Jamaican fruit-eating bat|2|Puerto Rico,Virgin Islands|2|Puerto Rico,Virgin Islands|Mammals
Balaenoptera acutorostrata|Common Minke Whale|5|Alaska,American Samoa,Hawaii,Puerto Rico,Rhode Island|2|American Samoa,Hawaii|Mammals
Balaenoptera edeni|Eden's whale|3|American Samoa,Guam,Hawaii|2|Guam,Hawaii|Mammals
Blarina brevicauda|mole shrew|1|Montana|2|District of Columbia,Montana|Mammals
Blarina carolinensis|Southern Short-tailed Shrew|1|Texas|2|Iowa,Texas|Mammals
Canis lupus baileyi|Mexican Gray Wolf|2|Arizona,New Mexico|2|Arizona,New Mexico|Mammals
Canis lupus rufus|Red Wolf|4|Alabama,Louisiana,Missouri,North Carolina|2|Alabama,North Carolina|Mammals
Cervus elaphus|elk|4|Alabama,Minnesota,Nebraska,Ohio|2|Alabama,North Carolina|Mammals
Conepatus leuconotus|American Hog-nosed Skunk|2|Colorado,Texas|2|Colorado,Texas|Mammals
Conepatus leuconotus leuconotus|Hog-nosed Skunk|1|Oklahoma|2|Arizona,Oklahoma|Mammals
Corynorhinus rafinesquii macrotis|Eastern Big-eared Bat|1|Virginia|2|North Carolina,Virginia|Mammals
Corynorhinus townsendii ingens|Ozark big-eared bat|3|Arkansas,Missouri,Oklahoma|2|Arkansas,Oklahoma|Mammals
Dipodomys elator|Texas Kangaroo Rat|2|Oklahoma,Texas|2|Oklahoma,Texas|Mammals
Dipodomys microps celsus|Chisel-toothed Kangaroo Rat|1|Arizona|2|Arizona,Utah|Mammals
Dipodomys spectabilis|Banner-tailed Kangaroo Rat|1|Texas|2|Arizona,Texas|Mammals
Emballonura semicaudata rotensis|Pacific sheath-tailed bat|2|Guam,Northern Mariana Islands|2|Guam,Northern Mariana Islands|Mammals
Enhydra lutris kenyoni|northern sea otter|1|Alaska|2|Alaska,Washington|Mammals
Eumops perotis californicus|Greater Western Mastiff Bat|2|Arizona,Texas|2|Arizona,Texas|Mammals
Feresa attenuata|Pygmy Killer Whale|2|Hawaii,Texas|2|Hawaii,Texas|Mammals
Geomys pinetis|Southeastern Pocket Gopher|2|Alabama,Georgia|2|Alabama,Georgia|Mammals
Grampus griseus|Risso's Dolphin|3|Guam,Hawaii,Puerto Rico|2|Guam,Hawaii|Mammals
Leopardus pardalis|Ocelot|2|Arizona,Texas|2|Arizona,Texas|Mammals
Leptonycteris nivalis|Mexican long-nosed bat|2|New Mexico,Texas|2|New Mexico,Texas|Mammals
Lepus americanus cascadensis|Oregon snowshoe hare|1|California|2|California,Nevada|Mammals
Lontra canadensis lataxina|River Otter|2|Arizona,Florida|2|Arizona,Florida|Mammals
Lontra canadensis sonora|southwestern otter|2|Arizona,California|2|Arizona,California|Mammals
Martes caurina|marten|1|Alaska|2|California,Washington|Mammals
Mesoplodon europaeus|Gervais' Beaked Whale|1|Texas|2|Maryland,Texas|Mammals
Microtus longicaudus|Coronation Island vole|2|Alaska,Arizona|2|Alaska,Arizona|Mammals
Microtus mexicanus|Mexican Vole|3|Arizona,Texas,Utah|2|Arizona,Texas|Mammals
Molossus molossus|Pallas's mastiff bat|3|Florida,Puerto Rico,Virgin Islands|2|Puerto Rico,Virgin Islands|Mammals
Myotis keenii|Keen's myotis|2|Alaska,Washington|2|Alaska,Washington|Mammals
Myotis occultus|Arizona Myotis|3|California,Colorado,New Mexico|2|Arizona,California|Mammals
Myotis thysanodes pahasapensis|Fringe-tailed Myotis|1|South Dakota|2|Nebraska,South Dakota|Mammals
Myotis yumanensis|Yuma myotis|3|California,Texas,Utah|2|Arizona,Texas|Mammals
Neofiber alleni|Round-tailed Muskrat|2|Florida,Georgia|2|Florida,Georgia|Mammals
Noctilio leporinus|greater bulldog bat|2|Puerto Rico,Virgin Islands|2|Puerto Rico,Virgin Islands|Mammals
Nyctinomops femorosaccus|pocketed free-tailed bat|3|California,New Mexico,Texas|2|Arizona,Texas|Mammals
Odocoileus virginianus leucurus|Columbian white-tailed deer|1|Washington|2|Oregon,Washington|Mammals
Onychomys leucogaster|Northern Grasshopper Mouse|1|Minnesota|2|Arizona,Minnesota|Mammals
Onychomys torridus|Southern Grasshopper Mouse|1|California|2|Arizona,California|Mammals
Oryzomys couesi|Coues's Rice Rat|1|Texas|2|Oklahoma,Texas|Mammals
Peponocephala electra|Melon-headed Whale|2|Guam,Hawaii|2|Guam,Hawaii|Mammals
Perognathus flavus|Silky Pocket Mouse|3|Nebraska,Utah,Wyoming|2|Nebraska,Wyoming|Mammals
Peromyscus crinitus|Canyon Mouse|1|Wyoming|2|Arizona,Wyoming|Mammals
Peromyscus leucopus|White-footed Deermouse|3|North Carolina,Ohio,Virginia|2|North Carolina,Virginia|Mammals
Peromyscus truei|pi√±on mouse|3|Idaho,Texas,Wyoming|2|Texas,Wyoming|Mammals
Pteropus mariannus mariannus|Mariana Fruit Bat|1|Guam|2|Guam,Northern Mariana Islands|Mammals
Rangifer tarandus|reindeer|2|Idaho,Washington|2|Idaho,Washington|Mammals
Reithrodontomys fulvescens|Fulvous Harvest Mouse|1|Kansas|2|Arizona,Kansas|Mammals
Scalopus aquaticus|topos|2|North Carolina,Ohio|2|Rhode Island,Texas|Mammals
Sciurus griseus|Western Gray Squirrel|2|Oregon,Washington|2|Oregon,Washington|Mammals
Sciurus niger bachmani|Bachman Fox Squirrel|0||2|Louisiana,Mississippi|Mammals
Sciurus niger shermani|Sherman's fox squirrel|2|Florida,Georgia|2|Florida,Georgia|Mammals
Sorex arcticus|black-backed shrew|3|Michigan,Montana,North Dakota|2|Montana,North Dakota|Mammals
Sorex arizonae|Arizona Shrew|2|Arizona,New Mexico|2|Arizona,New Mexico|Mammals
Sorex cinereus fontinalis|Maryland shrew|1|Delaware|2|Delaware,Pennsylvania|Mammals
Sorex haydeni|Hayden's shrew|2|Iowa,Wyoming|2|Iowa,Wyoming|Mammals
Sorex hoyi winnemana|southern pygmy shrew|3|Maryland,North Carolina,West Virginia|2|Maryland,West Virginia|Mammals
Sorex monticolus|Montane Shrew|2|Alaska,Nevada|2|Alaska,Nevada|Mammals
Sorex palustris albibarbis|Northern Water Shrew|0||2|New Hampshire,Pennsylvania|Mammals
Stenella attenuata|Pantropical Spotted Dolphin|2|American Samoa,Hawaii|2|American Samoa,Hawaii|Mammals
Stenella longirostris|long-snouted spinner dolphin|4|Guam,Hawaii,Northern Mariana Islands,Puerto Rico|2|Guam,Hawaii|Mammals
Stenella longirostris longirostris|Spinner Dolphin|1|American Samoa|2|American Samoa,Northern Mariana Islands|Mammals
Stenoderma rufum|red fruit bat|2|Puerto Rico,Virgin Islands|2|Puerto Rico,Virgin Islands|Mammals
Tamias minimus|Least Chipmunk|3|Arizona,Michigan,Nebraska|2|Arizona,Nebraska|Mammals
Tamias quadrivittatus|Colorado Chipmunk|1|Oklahoma|2|Arizona,Oklahoma|Mammals
Thomomys bottae|Botta's Pocket Gopher|0||2|Nevada,Texas|Mammals
Thomomys idahoensis|Idaho Pocket Gopher|3|Idaho,Utah,Wyoming|2|Utah,Wyoming|Mammals
Thomomys talpoides|Northern Pocket Gopher|1|Minnesota|2|Arizona,Minnesota|Mammals
Urocitellus elegans nevadensis|Wyoming Ground Squirrel (Southwest Idaho popn.)|1|Nevada|2|Idaho,Nevada|Mammals
Urocitellus washingtoni|Washington Ground Squirrel|2|Oregon,Washington|2|Oregon,Washington|Mammals
Vulpes vulpes necator|Sierra Nevada Red Fox|2|California,Nevada|2|California,Oregon|Mammals
Alces americanus americanus|Moose|0||1|Maine|Mammals
Ammospermophilus harrisii|Harris' antelope squirrel|0||1|Arizona|Mammals
Ammospermophilus interpres|Texas Antelope Squirrel|1|Texas|1|Texas|Mammals
Ammospermophilus leucurus tersus|Prospect Valley White-tailed Antelope Squirrel|1|Arizona|1|Arizona|Mammals
Ammospermophilus nelsoni|San Joaquin antelope ground squirrel|1|California|1|California|Mammals
Antilocapra americana americana|America Pronghorn|1|Arizona|1|Arizona|Mammals
Antilocapridae|pronghorns|0||1|California|Mammals
Aplodontia rufa humboldtiana|Humboldt mountain beaver|0||1|California|Mammals
Aplodontia rufa nigra|Point Arena Mountain Beaver|1|California|1|California|Mammals
Aplodontia rufa phaea|Point Reyes mountain beaver|1|California|1|California|Mammals
Arborimus longicaudus|Red Tree Vole|1|Oregon|1|Oregon|Mammals
Arborimus pomo|Sonoma Tree Vole|1|California|1|California|Mammals
Arctocephalus townsendi|Guadalupe Fur Seal|1|California|1|California|Mammals
Baiomys taylori|Northern Pygmy Mouse|2|Arizona,New Mexico|1|Louisiana|Mammals
Balaena mysticetus|black right whale|1|Alaska|1|Alaska|Mammals
Balaenoptera bonaerensis|Antarctic Minke Whale|0||1|American Samoa|Mammals
Bassariscus astutus octavus|Southern California ringtail|0||1|California|Mammals
Bassariscus astutus willetti|Palo Verde Mountains ringtail|0||1|California|Mammals
Bassariscus astutus yumanensis|Yuma ringtail|0||1|California|Mammals
Blarina hylophaga|Elliot's Short-tailed Shrew|1|Iowa|1|Iowa|Mammals
Blarina hylophaga plumbea|Aransas short-tailed shrew|1|Texas|1|Texas|Mammals
Bovidae|antelopes|0||1|California|Mammals
Brachyphylla cavernarum|antillian fruit-eating bat|2|Puerto Rico,Virgin Islands|1|Puerto Rico|Mammals
Callorhinus ursinus|Northern Fur Seal|2|Alaska,California|1|Alaska|Mammals
Callospermophilus lateralis|Golden-mantled Ground Squirrel|0||1|Arizona|Mammals
Callospermophilus lateralis bernardinus|San Bernardino golden-mantled ground squirrel|1|California|1|California|Mammals
Canis|dogs|1|Vermont|1|Vermont|Mammals
Canis lupus ligoni|Alexander Archipelago Wolf|1|Alaska|1|Alaska|Mammals
Cervus elaphus canadensis|Elk|2|Missouri,North Carolina|1|Minnesota|Mammals
Cervus elaphus nannodes|tule elk|0||1|California|Mammals
Chaetodipus eremicus|Chihuahuan Pocket Mouse|1|Texas|1|Texas|Mammals
Chaetodipus formosus|Long-tailed Pocket Mouse|0||1|Arizona|Mammals
Chaetodipus intermedius|Rock Pocket Mouse|0||1|Arizona|Mammals
Chaetodipus nelsoni|Nelson's Pocket Mouse|1|Texas|1|Texas|Mammals
Chaetodipus penicillatus|Desert Pocket Mouse|1|Nevada|1|Nevada|Mammals
Condylura cristata nigra|Southeastern star-nosed mole|1|Maryland|1|Maryland|Mammals
Corynorhinus rafinesquii rafinesquii|Rafinesque's big-eared bat|0||1|North Carolina|Mammals
Corynorhinus townsendii australis|Townsend's big-eared bat|0||1|Texas|Mammals
Cynomys parvidens|Utah Prairie Dog|1|Utah|1|Utah|Mammals
Cystophora cristata|Hooded Seal|0||1|New Jersey|Mammals
Delphinapterus leucas|white whale|1|Alaska|1|Alaska|Mammals
Delphinus delphis|saddle-backed dolphin|0||1|New Jersey|Mammals
Dicrostonyx groenlandicus|Northern Collared Lemming|1|Alaska|1|Alaska|Mammals
Dicrostonyx nelsoni|Nelson's Collared Lemming|0||1|Alaska|Mammals
Dicrostonyx unalascensis|Aleutian Island Collared Lemming|0||1|Alaska|Mammals
Didelphis virginiana|Virginia Opossum|2|District of Columbia,Ohio|1|District of Columbia|Mammals
Dipodomys agilis|Agile Kangaroo Rat|0||1|California|Mammals
Dipodomys californicus eximius|Marysville California Kangaroo Rat|1|California|1|California|Mammals
Dipodomys compactus compactus|Padre Island Kangaroo Rat|1|Texas|1|Texas|Mammals
Dipodomys deserti|Desert Kangaroo Rat|2|Nevada,Utah|1|Nevada|Mammals
Dipodomys heermanni arenae|Lompoc kangaroo rat|0||1|California|Mammals
Dipodomys heermanni berkeleyensis|Berkeley Kangaroo Rat|1|California|1|California|Mammals
Dipodomys heermanni dixoni|Merced Kangaroo Rat|1|California|1|California|Mammals
Dipodomys heermanni goldmani|Salinas kangaroo rat|0||1|California|Mammals
Dipodomys heermanni heermanni|Heermann's kangaroo rat|0||1|California|Mammals
Dipodomys heermanni morroensis|Morro Bay kangaroo rat|1|California|1|California|Mammals
Dipodomys ingens|Giant Kangaroo Rat|1|California|1|California|Mammals
Dipodomys merriami collinus|Earthquake Merriam's Kangaroo Rat|1|California|1|California|Mammals
Dipodomys merriami parvus|San Bernardino kangaroo rat|1|California|1|California|Mammals
Dipodomys merriami trinidadensis|Valle de la Trinidad kangaroo rat|0||1|California|Mammals
Dipodomys microps leucotis|Marble Canyon kangaroo rat|1|Arizona|1|Arizona|Mammals
Dipodomys nitratoides|San Joaquin Valley Kangaroo Rat|0||1|California|Mammals
Dipodomys nitratoides exilis|Fresno kangaroo rat|1|California|1|California|Mammals
Dipodomys nitratoides nitratoides|Tipton kangaroo rat|1|California|1|California|Mammals
Dipodomys simulans|Dulzura Kangaroo Rat|0||1|California|Mammals
Dipodomys stephensi|Stephens' kangaroo rat|1|California|1|California|Mammals
Dipodomys venustus|Narrow-faced Kangaroo Rat|0||1|California|Mammals
Dugong dugon|Dugong|1|Guam|1|Guam|Mammals
Emballonura semicaudata semicaudata|sheath-tailed bat|1|American Samoa|1|American Samoa|Mammals
Enhydra lutris nereis|southern sea otter|1|California|1|California|Mammals
Erignathus barbatus nauticus|Bearded Seal (Beringia DPS)|0||1|Alaska|Mammals
Eumops floridanus|Florida Bonneted Bat|1|Florida|1|Florida|Mammals
Eumops underwoodi|Underwood's mastiff-bat|1|Arizona|1|Arizona|Mammals
Geomys arenarius|Desert Pocket Gopher|1|Texas|1|Texas|Mammals
Geomys attwateri|Attwater's Pocket Gopher|1|Texas|1|Texas|Mammals
Geomys breviceps|Mer Rouge pocket gopher|0||1|Oklahoma|Mammals
Geomys breviceps breviceps|Oak Ridge Pocket Gopher|0||1|Louisiana|Mammals
Geomys breviceps sagittalis|Baird's Pocket Gopher|0||1|Louisiana|Mammals
Geomys bursarius ozarkensis|Ozark Pocket Gopher|1|Arkansas|1|Arkansas|Mammals
Geomys personatus davisi|Texas (Davis') pocket gopher|1|Texas|1|Texas|Mammals
Geomys personatus maritimus|Maritime Texas pocket gopher|1|Texas|1|Texas|Mammals
Geomys personatus personatus|Barrier island Texas pocket gopher|1|Texas|1|Texas|Mammals
Geomys personatus streckeri|Carrizo Springs Texas pocket gopher|1|Texas|1|Texas|Mammals
Geomys pinetis pinetis|Southeastern Pocket Gopher|1|Florida|1|Florida|Mammals
Geomys texensis bakeri|Baker's Llano pocket gopher|1|Texas|1|Texas|Mammals
Geomys texensis texensis|Llano pocket gopher|1|Texas|1|Texas|Mammals
Glaucomys sabrinus californicus|San Bernardino flying squirrel|1|California|1|California|Mammals
Glaucomys sabrinus griseifrons|Prince of Wales flying squirrel|1|Alaska|1|Alaska|Mammals
Halichoerus grypus|Gray Seal|0||1|New Jersey|Mammals
Histriophoca fasciata|Ribbon Seal|1|Alaska|1|Alaska|Mammals
Indopacetus pacificus|Tropical Bottlenose Whale|1|Hawaii|1|Hawaii|Mammals
Lagenodelphis hosei|Fraser's Dolphin|1|Hawaii|1|Hawaii|Mammals
Lasiurus cinereus cinereus|Hoary Bat|0||1|Florida|Mammals
Lasiurus cinereus semotus|Hawaiian hoary bat|1|Hawaii|1|Hawaii|Mammals
Lasiurus ega|southern yellow bat|1|Texas|1|Texas|Mammals
Lasiurus intermedius floridanus|Northern Yellow Bat|0||1|Florida|Mammals
Lemmus sibiricus|Black-footed Lemming|0||1|Alaska|Mammals
Lemmus trimucronatus|Nearctic Brown Lemming|1|Alaska|1|Alaska|Mammals
Lepus alleni|antelope jack rabbit|0||1|Arizona|Mammals
Lepus americanus virginianus|Snowshoe hare|0||1|Virginia|Mammals
Lepus callotis|white-sided jack rabbit|0||1|New Mexico|Mammals
Lepus othus|Alaskan Hare|1|Alaska|1|Alaska|Mammals
Marmota broweri|Alaska Marmot|1|Alaska|1|Alaska|Mammals
Marmota caligata|Hoary Marmot|0||1|Idaho|Mammals
Marmota olympus|Olympic Marmot|1|Washington|1|Washington|Mammals
Mephitis macroura|Hooded Skunk|1|Texas|1|Texas|Mammals
Mephitis mephitis|Striped Skunk|2|Florida,Ohio|1|District of Columbia|Mammals
Mesoplodon|beaked whales|0||1|Georgia|Mammals
Mesoplodon densirostris|dense-beaked whale|1|Hawaii|1|Hawaii|Mammals
Mesoplodon mirus|True's Beaked Whale|0||1|Maryland|Mammals
Microdipodops pallidus|Pale Kangaroo Mouse|1|Nevada|1|Nevada|Mammals
Microtus abbreviatus|St. Matthews Island vole|1|Alaska|1|Alaska|Mammals
Microtus californicus|Amargosa Vole|1|California|1|California|Mammals
Microtus canicaudus|Gray-tailed Vole|1|Washington|1|Washington|Mammals
Microtus miurus|Singing Vole|1|Alaska|1|Alaska|Mammals
Microtus oeconomus|Root Vole|1|Alaska|1|Alaska|Mammals
Microtus richardsoni|Water Vole|1|Wyoming|1|Wyoming|Mammals
Microtus townsendii|Townsend's Vole|1|Washington|1|Washington|Mammals
Microtus xanthognathus|Taiga Vole|1|Alaska|1|Alaska|Mammals
Mirounga angustirostris|Northern Elephant Seal|1|Alaska|1|Oregon|Mammals
Monachus schauinslandi|Hawaiian Monk Seal|1|Hawaii|1|Hawaii|Mammals
Monophyllus redmani|Leach's single leaf bat|1|Puerto Rico|1|Puerto Rico|Mammals
Mormoops blainvillii|Antillean ghost-faced bat|1|Puerto Rico|1|Puerto Rico|Mammals
Mormoops megalophylla|ghost-faced bat|1|Texas|1|Texas|Mammals
Mustela frenata inyoensis|Inyo long-tailed weasel|0||1|California|Mammals
Mustela frenata olivacea|Southeastern Weasel|1|Florida|1|Florida|Mammals
Mustela frenata peninsulae|Florida Long-tailed Weasel|1|Florida|1|Florida|Mammals
Mustela frenata xanthogenys|San Joaquin long-tailed weasel|0||1|California|Mammals
Mustela vison evergladensis|Everglades Mink|1|Florida|1|Florida|Mammals
Mustela vison halilimnetes|Gulf Salt Marsh Mink|1|Florida|1|Florida|Mammals
Mustela vison lutensis|Atlantic Salt Marsh Mink|1|Florida|1|Florida|Mammals
Myodes rutilus|Northern Red-backed Mouse|1|Alaska|1|Alaska|Mammals
Myotis auriculus|southwestern myotis|0||1|Arizona|Mammals
Nasua narica|White-nosed Coati|2|New Mexico,Texas|1|Texas|Mammals
Neotoma cinerea|Bushy-tailed Woodrat|2|Arizona,Nebraska|1|Nebraska|Mammals
Neotoma fuscipes|Dusky-footed Woodrat|1|California|1|California|Mammals
Neotoma lepida|Desert Woodrat|1|California|1|Arizona|Mammals
Neotoma leucodon|White-toothed Woodrat|0||1|Oklahoma|Mammals
Neotoma stephensi|Stephens's woodrat|1|Utah|1|Arizona|Mammals
Notiosorex cockrumi|Cockrum's Gray Shrew|0||1|Arizona|Mammals
Ochotona collaris|Collared Pika|1|Alaska|1|Alaska|Mammals
Odobenus rosmarus|Walrus|1|Alaska|1|Alaska|Mammals
Odocoileus hemionus|mule deer|3|Nevada,New Mexico,Utah|1|Nevada|Mammals
Odocoileus virginianus clavium|Key deer|1|Florida|1|Florida|Mammals
Odocoileus virginianus couesi|Coues' White-tailed Deer|1|New Mexico|1|Arizona|Mammals
Onychomys arenicola|Mearns's Grasshopper Mouse|1|Texas|1|Texas|Mammals
Oreamnos americanus|Rocky Mountain goat|1|Idaho|1|Idaho|Mammals
Ovis canadensis mexicana|desert bighorn sheep|2|Arizona,New Mexico|1|Arizona|Mammals
Ovis canadensis nelsoni|Nelson's bighorn sheep|2|California,Nevada|1|California|Mammals
Ovis canadensis sierrae|Sierra Nevada bighorn sheep|0||1|California|Mammals
Parastrellus hesperus|Western Pipistrelle|1|Arizona|1|Texas|Mammals
Pekania pennanti pacifica|Fisher|2|California,Washington|1|Washington|Mammals
Perognathus alticolus alticolus|White-eared Pocket Mouse|1|California|1|California|Mammals
Perognathus alticolus inexpectatus|Tehachapi Pocket Mouse|1|California|1|California|Mammals
Perognathus amplus|Arizona Pocket Mouse|0||1|Arizona|Mammals
Perognathus amplus cineris|Wupatki Arizona pocket mouse|0||1|Arizona|Mammals
Perognathus flavescens melanotis|Apache pocket mouse|1|Arizona|1|Arizona|Mammals
Perognathus flavescens perniger|Plains Pocket Mouse|1|Nebraska|1|Nebraska|Mammals
Perognathus flavus goodpasteri|Springerville Pocket Mouse|1|Arizona|1|Arizona|Mammals
Perognathus inornatus|San Joaquin Pocket Mouse|0||1|California|Mammals
Perognathus longimembris|Little Pocket Mouse|1|Idaho|1|Arizona|Mammals
Perognathus longimembris bangsi|Palm Springs Pocket Mouse|1|California|1|California|Mammals
Perognathus longimembris brevinasus|Los Angeles Pocket Mouse|1|California|1|California|Mammals
Perognathus longimembris internationalis|Jacumba Pocket Mouse|1|California|1|California|Mammals
Perognathus longimembris pacificus|Pacific pocket mouse|1|California|1|California|Mammals
Perognathus parvus|Great Basin Pocket Mouse|2|Montana,Wyoming|1|Wyoming|Mammals
Perognathus parvus xanthonotus|Yellow-eared Pocket Mouse|1|California|1|California|Mammals
Peromyscus attwateri|Texas mouse|1|Kansas|1|Kansas|Mammals
Peromyscus keeni|Keen's Mouse|1|Alaska|1|Alaska|Mammals
Peromyscus maniculatus|Deer Mouse|3|California,Connecticut,Ohio|1|Connecticut|Mammals
Peromyscus pectoralis|White-ankled Deermouse|0||1|Oklahoma|Mammals
Phenacomys ungava|Ungava vole|0||1|Minnesota|Mammals
Phoca largha|Spotted Seal|1|Alaska|1|Alaska|Mammals
Phoca vitulina richardii|Pacific Harbor Seal|1|Alaska|1|Alaska|Mammals
Phocoena phocoena phocoena|North Atlantic Harbor Porpoise|0||1|Connecticut|Mammals
Podomys floridanus|Florida mouse|1|Florida|1|Florida|Mammals
Procyon lotor auspicatus|Key Vaca Raccoon|1|Florida|1|Florida|Mammals
Procyon lotor incautus|Key West Raccoon|1|Florida|1|Florida|Mammals
Procyon lotor inesperatus|Matecumbe Key Raccoon|0||1|Florida|Mammals
Pteronotus parnellii|Parnell's mustached bat|1|Puerto Rico|1|Puerto Rico|Mammals
Pteronotus quadridens|sooty mustached bat|1|Puerto Rico|1|Puerto Rico|Mammals
Pteropus samoensis|Samoan flying fox|1|American Samoa|1|American Samoa|Mammals
Pteropus tonganus|Pacific flying fox|1|American Samoa|1|American Samoa|Mammals
Puma yagouaroundi|Jaguarundi|1|Texas|1|Texas|Mammals
Pusa hispida hispida|Ringed Seal (arctic subspecies)|0||1|Alaska|Mammals
Reithrodontomys raviventris|Salt-marsh Harvest Mouse|1|California|1|California|Mammals
Scalopus aquaticus texanus|Presidio mole|1|Texas|1|Texas|Mammals
Scapanus latimanus parvus|Alameda Island mole|1|California|1|California|Mammals
Sciurus aberti|Abert's Squirrel|3|New Mexico,Utah,Wyoming|1|Colorado|Mammals
Sciurus aberti chuscensis|Abert's Chuska Squirrel|1|Arizona|1|Arizona|Mammals
Sciurus aberti kaibabensis|Kaibab Squirrel|1|Arizona|1|Arizona|Mammals
Sciurus arizonensis|Arizona Gray Squirrel|2|Arizona,New Mexico|1|Arizona|Mammals
Sciurus carolinensis|gray squirrel|2|Nebraska,Ohio|1|Nebraska|Mammals
Sciurus nayaritensis chiricahuae|Chiricahua Nayarit squirrel|1|Arizona|1|Arizona|Mammals
Sciurus niger avicennia|Big Cypress fox squirrel|1|Florida|1|Florida|Mammals
Sciurus niger vulpinus|Eastern Fox Squirrel|1|Pennsylvania|1|Pennsylvania|Mammals
Sigmodon arizonae|Arizona Cotton Rat|2|Arizona,California|1|Arizona|Mammals
Sigmodon fulviventer|Tawny-bellied Cotton Rat|0||1|Arizona|Mammals
Sigmodon ochrognathus|Yellow-nosed Cotton Rat|1|New Mexico|1|Arizona|Mammals
Sorex|red-toothed shrews|0||1|North Carolina|Mammals
Sorex alaskanus|Glacier Bay Water Shrew|1|Alaska|1|Alaska|Mammals
Sorex cinereus streatori|Common Shrew|0||1|Alaska|Mammals
Sorex dispar blitchi|Long-tailed Or Rock Shrew|1|Kentucky|1|Kentucky|Mammals
Sorex dispar dispar|Long-tailed shrew|0||1|Virginia|Mammals
Sorex hoyi montanus|Pygmy shrew|0||1|Colorado|Mammals
Sorex jacksoni|St. Lawrence Island Shrew|1|Alaska|1|Alaska|Mammals
Sorex longirostris eionis|Homossassa shrew|0||1|Florida|Mammals
Sorex monticolus alascensis|Dusky (montane Shrew)|1|Alaska|1|Alaska|Mammals
Sorex monticolus longicaudus|Dusky (montane Shrew)|0||1|Alaska|Mammals
Sorex monticolus malitiosus|Dusky (montane) Shrew|1|Alaska|1|Alaska|Mammals
Sorex monticolus shumaginensis|Dusky (montane) Shrew|0||1|Alaska|Mammals
Sorex ornatus relictus|Buena Vista Lake ornate shrew|1|California|1|California|Mammals
Sorex ornatus salarius|Monterey ornate shrew|1|California|1|California|Mammals
Sorex ornatus salicornicus|salt marsh ornate shrew|1|California|1|California|Mammals
Sorex ornatus sinuosus|Suisun ornate shrew|1|California|1|California|Mammals
Sorex ornatus willetti|Santa Catalina ornate shrew|1|California|1|California|Mammals
Sorex pribilofensis|Pribilof Island Shrew|1|Alaska|1|Alaska|Mammals
Sorex tenellus|great basin dwarf shrew|1|Nevada|1|Nevada|Mammals
Sorex trowbridgii destructioni|Destruction Island shrew|0||1|Washington|Mammals
Sorex tundrensis|Tundra Shrew|1|Alaska|1|Alaska|Mammals
Sorex ugyunak|Barren Ground Shrew|0||1|Alaska|Mammals
Sorex vagrans|wandering shrew|2|Nevada,Wyoming|1|Wyoming|Mammals
Sorex vagrans halicoetes|salt marsh vagrant shrew|1|California|1|California|Mammals
Sorex vagrans paludivagus|Monterey vagrant shrew|1|California|1|California|Mammals
Spilogale gracilis amphialus|Channel Islands spotted skunk|1|California|1|California|Mammals
Spilogale putorius interrupta|Plains spotted skunk|1|Missouri|1|Missouri|Mammals
Spilogale putorius putorius|Eastern spotted skunk|0||1|Virginia|Mammals
Sylvilagus bachmani bachmani|riparian brush rabbit|1|California|1|California|Mammals
Sylvilagus floridanus|Eastern Cottontail|3|District of Columbia,Florida,Ohio|1|District of Columbia|Mammals
Sylvilagus nuttallii grangeri|North Kaibab Mountain Cottontail|1|Arizona|1|Arizona|Mammals
Sylvilagus nuttallii pinetis|Southwestern Cottontail|1|Arizona|1|Arizona|Mammals
Sylvilagus palustris|Marsh Rabbit|3|Alabama,North Carolina,Virginia|1|Alabama|Mammals
Sylvilagus palustris hefneri|Lower Keys marsh rabbit|1|Florida|1|Florida|Mammals
Sylvilagus palustris palustris|Marsh rabbit|0||1|Virginia|Mammals
Sylvilagus robustus|Robust Cottontail|1|Texas|1|Texas|Mammals
Tadarida brasiliensis cynocephala|Brazilian Free-tailed Bat|0||1|Florida|Mammals
Tamias canipes|Gray-footed Chipmunk|1|Texas|1|Texas|Mammals
Tamias cinereicollis|Gray-collared Chipmunk|0||1|Arizona|Mammals
Tamias minimus atristriatus|Pen√±asco least chipmunk|0||1|New Mexico|Mammals
Tamias quadrivittatus australis|Organ Mountains Colorado chipmunk|0||1|New Mexico|Mammals
Tamias quadrivittatus oscuraensis|Oscura Mountain Colorado Chipmunk|0||1|New Mexico|Mammals
Tamias speciosus callipeplus|Mount Pinos lodgepole chipmunk|1|California|1|California|Mammals
Tamias speciosus speciosus|lodgepole chipmunk|1|California|1|California|Mammals
Tamias umbrinus|Uinta Chipmunk|1|Montana|1|Arizona|Mammals
Tamiasciurus hudsonicus dakotensis|Black Hills red squirrel|0||1|South Dakota|Mammals
Tamiasciurus hudsonicus grahamensis|Mount Graham red squirrel|1|Arizona|1|Arizona|Mammals
Tamiasciurus hudsonicus kenaiensis|Red Squirrel Kenai|1|Alaska|1|Alaska|Mammals
Tamiasciurus hudsonicus picatus|Red Squirrel Kupreanof|1|Alaska|1|Alaska|Mammals
Thomomys bottae robustus|Skull Valley pocket gopher|0||1|Utah|Mammals
Thomomys bottae rubidus|Botta's pocket gopher (rubidus ssp)|1|Colorado|1|Colorado|Mammals
Thomomys bottae subsimilis|Harquahala southern pocket gopher|1|Arizona|1|Arizona|Mammals
Thomomys clusius|Wyoming Pocket Gopher|1|Wyoming|1|Wyoming|Mammals
Thomomys mazama|Western Pocket Gopher|1|Washington|1|Washington|Mammals
Thomomys monticola|Mountain Pocket Gopher|1|Nevada|1|Nevada|Mammals
Thomomys talpoides cheyennensis|Cheyenne Northern Pocket Gopher|1|Nebraska|1|Nebraska|Mammals
Thomomys talpoides douglasii|Brush Prairie pocket gopher|0||1|Washington|Mammals
Thomomys talpoides pierreicolus|Pierre Northern Pocket Gopher|0||1|Nebraska|Mammals
Thomomys umbrinus|Southern Pocket Gopher|0||1|New Mexico|Mammals
Thomomys umbrinus intermedius|Southern Pocket Gopher|1|Arizona|1|Arizona|Mammals
Tursiops aduncus|Indo-Pacific Bottlenose Dolphin|0||1|American Samoa|Mammals
Urocitellus brunneus|Idaho Ground Squirrel|0||1|Idaho|Mammals
Urocitellus canus|Merriam's Ground Squirrel|1|Idaho|1|Idaho|Mammals
Urocitellus mollis|Piute Ground Squirrel|1|Idaho|1|California|Mammals
Urocitellus parryii|Arctic Ground Squirrel|1|Alaska|1|Alaska|Mammals
Urocitellus parryii ablusus|Arctic Ground Squirrel|1|Alaska|1|Alaska|Mammals
Urocitellus parryii kennicottii|arctic ground squirrel, Barrow|1|Alaska|1|Alaska|Mammals
Urocitellus parryii kodiacensis|arctic ground squirrel, Kodiak Island|1|Alaska|1|Alaska|Mammals
Urocitellus parryii lyratus|Arctic Ground Squirrel|1|Alaska|1|Alaska|Mammals
Urocitellus parryii nebulicola|Arctic Ground Squirrel|1|Alaska|1|Alaska|Mammals
Urocitellus parryii osgoodi|arctic ground squirrel, Osgood's|1|Alaska|1|Alaska|Mammals
Urocitellus townsendii nancyae|Townsend's ground squirrel ssp.|1|Washington|1|Washington|Mammals
Urocyon littoralis catalinae|Santa Catalina Island fox|0||1|California|Mammals
Urocyon littoralis clementae|San Clemente Island fox|0||1|California|Mammals
Urocyon littoralis dickeyi|San Nicolas Island fox|0||1|California|Mammals
Urocyon littoralis littoralis|San Miguel Island fox|0||1|California|Mammals
Urocyon littoralis santacruzae|Santa Cruz Island fox|0||1|California|Mammals
Urocyon littoralis santarosae|Santa Rosa Island fox|0||1|California|Mammals
Ursus americanus floridanus|Florida Black Bear|2|Florida,Georgia|1|Florida|Mammals
Ursus maritimus|Polar Bear|1|Alaska|1|Alaska|Mammals
Vulpes lagopus|Blue Fox|0||1|Alaska|Mammals
Vulpes vulpes|Red Fox|2|Arizona,Ohio|1|Arizona|Mammals
Vulpes vulpes cascadensis|Cascade Red Fox|0||1|Washington|Mammals
Xerospermophilus mohavensis|Mohave Ground Squirrel|1|California|1|California|Mammals
Xerospermophilus tereticaudus chlorus|Coachella Valley round-tailed ground squirrel|1|California|1|California|Mammals
Zapus princeps|Western Jumping Mouse|1|Nevada|1|Nevada|Mammals
Zapus trinotatus|Pacific Jumping Mouse|1|California|1|California|Mammals
Arborimus albipes|White-footed Vole|1|California|0||Mammals
Berardius bairdii|north Pacific bottle-nosed whale|1|Alaska|0||Mammals
Blarina carolinensis shermani|Sherman's short-tailed shrew|1|Florida|0||Mammals
Canis latrans|Coyote|2|Delaware,Ohio|0||Mammals
Canis lupus lycaon|Eastern Timber Wolf|1|New Hampshire|0||Mammals
Chaetodipus californicus femoralis|Dulzura Pocket Mouse|1|California|0||Mammals
Chaetodipus fallax fallax|Northwestern San Diego Pocket Mouse|1|California|0||Mammals
Chaetodipus fallax pallidus|Pallid San Diego Pocket Mouse|1|California|0||Mammals
Corynorhinus townsendii townsendii|Pacific Townsend's big-eared bat|1|Washington|0||Mammals
Didelphis virginiana californica|Mexican Oppossum|1|Arizona|0||Mammals
Didelphis virginiana virginiana|Virginia Oppossum|1|Arizona|0||Mammals
Dipodomys californicus|California Kangaroo Rat|1|Nevada|0||Mammals
Dipodomys nitratoides brevinasus|Short-nosed kangaroo rat|1|California|0||Mammals
Dipodomys panamintinus|Panamint Kangaroo Rat|1|Nevada|0||Mammals
Dipodomys panamintinus argusensis|Argus Mountains Kangaroo Rat|1|California|0||Mammals
Dipodomys panamintinus panamintinus|Panamint Kangaroo Rat|1|California|0||Mammals
Dipodomys venustus elephantinus|big-eared kangaroo rat|1|California|0||Mammals
Dipodomys venustus venustus|Santa Cruz Kangaroo Rat|1|California|0||Mammals
Enhydra lutris|Sea Otter|2|Alaska,Washington|0||Mammals
Erignathus barbatus|Bearded Seal|1|Alaska|0||Mammals
Erophylla sezekorni|buffy flower bat|1|Puerto Rico|0||Mammals
Eumops perotis|Western Bonneted Bat|1|California|0||Mammals
Glaucomys sabrinus alpinus|Richardson flying squirrel|1|Alaska|0||Mammals
Gulo gulo katschemakensis|wolverine, Kenai|1|Alaska|0||Mammals
Lepus americanus bairdii|Snowshoe Hare|1|New Mexico|0||Mammals
Lepus californicus bennettii|San Diego black-tailed jackrabbit|1|California|0||Mammals
Lepus callotis gaillardi|White-Sided Jack Rabbit|1|New Mexico|0||Mammals
Lepus townsendii campanius|White-Tailed Jack Rabbit|1|New Mexico|0||Mammals
Lontra canadensis mira|river otter, Prince of Wales|1|Alaska|0||Mammals
Lynx rufus pallescens|Pallid Bobcat|1|California|0||Mammals
Marmota caligata caligata|hoary marmot, Montague Island|1|Alaska|0||Mammals
Marmota monax|Woodchuck|1|Ohio|0||Mammals
Martes americana humboldtensis|Humboldt Marten|1|California|0||Mammals
Martes americana kenaiensis|marten, Kenai|1|Alaska|0||Mammals
Martes americana origenes|American Marten|1|New Mexico|0||Mammals
Martes americana sierrae|Sierra Marten|1|California|0||Mammals
Mesoplodon stejnegeri|Stejneger's Beaked Whale|1|Alaska|0||Mammals
Microdipodops megacephalus albiventer|Desert Valley kangaroo mouse|1|Nevada|0||Mammals
Microdipodops megacephalus nasutus|Fletcher dark kangaroo mouse|1|Nevada|0||Mammals
Microtus breweri|Beach Vole|1|Massachusetts|0||Mammals
Mustela erminea alascensis|ermine|1|Alaska|0||Mammals
Mustela erminea celenda|ermine, Prince of Wales|1|Alaska|0||Mammals
Mustela erminea initis|ermine|1|Alaska|0||Mammals
Mustela erminea kadiacensis|ermine, Kodiak|1|Alaska|0||Mammals
Mustela erminea salva|ermine|1|Alaska|0||Mammals
Mustela erminea seclusa|ermine, Suemez Island|1|Alaska|0||Mammals
Mustela vison mink|Common Mink|1|Florida|0||Mammals
Ochotona princeps saxatilis|Goat Peak Pika|1|New Mexico|0||Mammals
Ochotona princeps schisticeps|White Mountains Pika|1|California|0||Mammals
Odocoileus virginianus|white-tailed deer|2|Ohio,Oregon|0||Mammals
Otospermophilus variegatus|Rock Squirrel|1|Idaho|0||Mammals
Ovis canadensis californiana|California bighorn sheep|1|California|0||Mammals
Panthera onca arizonensis|Arizona Jaguar|1|New Mexico|0||Mammals
Perognathus inornatus inornatus|San Joaquin Pocket Mouse|1|California|0||Mammals
Perognathus inornatus neglectus|Mckittrick Pocket Mouse|1|California|0||Mammals
Perognathus inornatus psammophilus|Salinas Pocket Mouse|1|California|0||Mammals
Perognathus longimembris salinensis|No common name|1|California|0||Mammals
Perognathus longimembris tularensis|No common name|1|California|0||Mammals
Peromyscus boylii|Brush Mouse|1|Nevada|0||Mammals
Peromyscus merriami|Mesquite Mouse|1|Arizona|0||Mammals
Phenacomys intermedius|Western Heather Vole|2|Minnesota,Wyoming|0||Mammals
Procyon lotor|Raccoon|1|Ohio|0||Mammals
Pteropus mariannus|Marianas flying fox|1|Northern Mariana Islands|0||Mammals
Pusa hispida|Ringed Seal|1|Alaska|0||Mammals
Rangifer tarandus caribou|woodland caribou|1|Alaska|0||Mammals
Rattus rattus|House Rat|1|Ohio|0||Mammals
Scapanus latimanus|Broad-footed Mole|1|Nevada|0||Mammals
Scapanus latimanus insularis|Angel Island Mole|1|California|0||Mammals
Scapanus orarius|Pacific mole|1|Idaho|0||Mammals
Sciurus niger|fox squirrel|3|North Carolina,Ohio,South Carolina|0||Mammals
Sorex longirostris fisheri|Dismal Swamp southeastern shrew|1|Virginia|0||Mammals
Sorex lyelli|Lyell shrew|1|California|0||Mammals
Sorex monticolus elassodon|dusky shrew, Queen Charlotte Islands|1|Alaska|0||Mammals
Sorex neomexicanus|New Mexico Shrew|1|New Mexico|0||Mammals
Sorex trowbridgii|Trowbridge's Shrew|1|Nevada|0||Mammals
Sorex yukonicus|Alaskan Tiny Shrew|1|Alaska|0||Mammals
Tamias amoenus celeris|Humboldt yellow-pine chipmunk|1|Nevada|0||Mammals
Tamias dorsalis|Cliff Chipmunk|1|Wyoming|0||Mammals
Tamias palmeri|Palmer's Chipmunk|1|Nevada|0||Mammals
Tamias panamintinus acrus|Kingston Mountain Chipmunk|1|California|0||Mammals
Tamias senex|Allen's Chipmunk|1|Nevada|0||Mammals
Tamias umbrinus nevadensis|Hidden Forest Uinta chipmunk|1|Nevada|0||Mammals
Thomomys bottae abstrusus|Fish Spring pocket gopher|1|Nevada|0||Mammals
Thomomys bottae curtatus|San Antonio pocket gopher|1|Nevada|0||Mammals
Thomomys bottae guadalupensis|Guadalupe southern pocket gopher|1|Texas|0||Mammals
Thomomys bottae limpiae|Limpia southern pocket gopher|1|Texas|0||Mammals
Thomomys bottae operarius|Owens Lake Pocket Gopher|1|California|0||Mammals
Thomomys bottae texensis|Limpia Creek pocket gopher|1|Texas|0||Mammals
Thomomys talpoides macrotis|Douglas County pocket gopher|1|Colorado|0||Mammals
Thomomys townsendii|Townsend's Pocket Gopher|1|Idaho|0||Mammals
Thomomys umbrinus emotus|Animas southern pocket gopher|1|New Mexico|0||Mammals
Urocitellus armatus|Uinta Ground Squirrel|1|Wyoming|0||Mammals
Urocitellus brunneus brunneus|northern Idaho ground squirrel|1|Idaho|0||Mammals
Urocitellus brunneus endemicus|Southern Idaho Ground Squirrel|1|Idaho|0||Mammals
Urocitellus elegans|Wyoming Ground Squirrel|3|Idaho,Utah,Wyoming|0||Mammals
Urocitellus townsendii townsendii|Townsend's ground squirrel ssp.|1|Washington|0||Mammals
Urocyon littoralis|Island Fox|1|California|0||Mammals
Ursus americanus amblyceps|Black Bear|1|New Mexico|0||Mammals
Ursus americanus americanus|American black bear|1|Arkansas|0||Mammals
